1001;Rasasdsadmu;sRamus;11/11/1111;ramus;ramus;1231249;true
1002;asdsRasmu;sRamus;11/11/1111;ramus;ramus;1231249;true
1003;dfgfgRasmu;sRamus;11/11/1111;ramus;ramus;1231249;true
1004;qweqwRasmu;sRamus;11/11/1111;ramus;ramus;1231249;true
1005;gfgfRasmu;sRamus;11/11/1111;ramus;ramus;1231249;true
1006;cvxcsdfRasmu;sRamus;11/11/1111;ramus;ramus;1231249;true
1007;sdfsdvcRasmu;sRamus;11/11/1111;ramus;ramus;1231249;true
1008;Rasmu;sRamus;11/11/1111;ramus;ramus;1231249;true
1009;Radfsdfsmu;sRamus;11/11/1111;ramus;ramus;1231249;true
1010;Rasmu;sRamus;11/11/1111;ramus;ramus;1231249;true
1011;Rasf21mu;sRamus;11/11/1111;ramus;ramus;1231249;true
1012;Rasmu;sRamus;11/11/1111;ramus;ramus;1231249;true
1013;Rewefsdasmu;sRamus;11/11/1111;ramus;ramus;1231249;true
1014;Ra3312smu;sRamus;11/11/1111;ramus;ramus;1231249;true
1015;R12sdafasmu;sRamus;11/11/1111;ramus;ramus;1231249;true
1016;Rfgdfagasmu;sRamus;11/11/1111;ramus;ramus;1231249;true
1017;dfsdfaasdRasmu;sRamus;11/11/1111;ramus;ramus;1231249;true
1035;Bjørn;Haastrup;19/07/1996;ækæklæ;kljljkjkl;æjjækjæk;true
1036;Mark;Denner;18/01/1995;gade10;mail;12345678;true
